{
	"class_name" : "PinholeCameraParameters",
	"extrinsic" : 
	[
		0.65566592354882303,
		-0.52666232148221281,
		0.54104435661767636,
		0.0,
		0.017422746124594542,
		0.72692879675899125,
		0.68649178608341932,
		0.0,
		-0.75485008088649419,
		-0.44068279246357173,
		0.4857983448017929,
		0.0,
		0.45219667289070065,
		0.14454652081571079,
		0.86600504196067474,
		1.0
	],
	"intrinsic" : 
	{
		"height" : 953,
		"intrinsic_matrix" : 
		[
			825.32220980657007,
			0.0,
			0.0,
			0.0,
			825.32220980657007,
			0.0,
			862.0,
			476.0,
			1.0
		],
		"width" : 1725
	},
	"version_major" : 1,
	"version_minor" : 0
}