{
	"class_name" : "PinholeCameraParameters",
	"extrinsic" : 
	[
		0.53731964794547116,
		0.77508536822702412,
		-0.33246092686529871,
		0.0,
		-0.80658890919560378,
		0.58742748083245155,
		0.065903613903078861,
		0.0,
		0.24637761159326385,
		0.23274798972970406,
		0.94081158888609595,
		0.0,
		-0.20968446937323582,
		-0.09442016773177131,
		1.2795672301045502,
		1.0
	],
	"intrinsic" : 
	{
		"height" : 953,
		"intrinsic_matrix" : 
		[
			825.32220980657007,
			0.0,
			0.0,
			0.0,
			825.32220980657007,
			0.0,
			862.0,
			476.0,
			1.0
		],
		"width" : 1725
	},
	"version_major" : 1,
	"version_minor" : 0
}